{"min_": [-0.005277707966825835], "scale_": [0.012565971349585323]}